Archetype,House number,WFH Type,Operation,Solar,Grid Import,Total Load
Detached,1,T1,safe_unidirectional,worst,5081.39,5696.19
Detached,1,T1,safe_unidirectional,best,4989.67,5696.19
Detached,1,T1,hybrid_bidirectional,worst,3930.44,8034.34
Detached,1,T1,hybrid_bidirectional,best,3878.67,8073.81
Detached,2,T1,safe_unidirectional,worst,5292.06,6040.25
Detached,2,T1,safe_unidirectional,best,5195.68,6040.25
Detached,2,T1,hybrid_bidirectional,worst,3924.6,8319.45
Detached,2,T1,hybrid_bidirectional,best,3896.37,8392.46
Detached,3,T1,safe_unidirectional,worst,5521.44,6206.46
Detached,3,T1,safe_unidirectional,best,5436.62,6206.46
Detached,3,T1,hybrid_bidirectional,worst,4174.87,8603.08
Detached,3,T1,hybrid_bidirectional,best,3993.94,8519.7
Detached,4,T1,safe_unidirectional,worst,5321.89,6024.01
Detached,4,T1,safe_unidirectional,best,5251.87,6024.01
Detached,4,T1,hybrid_bidirectional,worst,4187.82,8460.34
Detached,4,T1,hybrid_bidirectional,best,3985.31,8344.4
Detached,5,T1,safe_unidirectional,worst,4865.61,5538.81
Detached,5,T1,safe_unidirectional,best,4781.02,5538.81
Detached,5,T1,hybrid_bidirectional,worst,3892.43,7643.87
Detached,5,T1,hybrid_bidirectional,best,3765.43,7604.4
Detached,6,T1,safe_unidirectional,worst,5150.38,5798.78
Detached,6,T1,safe_unidirectional,best,5092.33,5798.78
Detached,6,T1,hybrid_bidirectional,worst,3873.58,7941.33
Detached,6,T1,hybrid_bidirectional,best,3846.53,7992.88
Detached,7,T1,safe_unidirectional,worst,5338.13,5985.94
Detached,7,T1,safe_unidirectional,best,5235.86,5985.94
Detached,7,T1,hybrid_bidirectional,worst,3873.71,8294.98
Detached,7,T1,hybrid_bidirectional,best,3690.66,8213.83
Detached,8,T1,safe_unidirectional,worst,5111.3,5786.63
Detached,8,T1,safe_unidirectional,best,5031.2,5786.63
Detached,8,T1,hybrid_bidirectional,worst,3560.58,7738.75
Detached,8,T1,hybrid_bidirectional,best,3443.5,7732.09
Detached,9,T1,safe_unidirectional,worst,5529.47,6226.84
Detached,9,T1,safe_unidirectional,best,5407.03,6226.84
Detached,9,T1,hybrid_bidirectional,worst,4108.17,8499.63
Detached,9,T1,hybrid_bidirectional,best,3889.11,8419.46
Detached,10,T1,safe_unidirectional,worst,5045.36,5636.78
Detached,10,T1,safe_unidirectional,best,4981.21,5636.78
Detached,10,T1,hybrid_bidirectional,worst,3757.25,7945.58
Detached,10,T1,hybrid_bidirectional,best,3728.4,7988.25
Detached,11,T1,safe_unidirectional,worst,5736.06,6434.24
Detached,11,T1,safe_unidirectional,best,5654.97,6434.24
Detached,11,T1,hybrid_bidirectional,worst,4240.59,9177.91
Detached,11,T1,hybrid_bidirectional,best,4194.82,9191.48
Detached,12,T1,safe_unidirectional,worst,5889.64,6558.44
Detached,12,T1,safe_unidirectional,best,5812.56,6558.44
Detached,12,T1,hybrid_bidirectional,worst,4446.87,9112.18
Detached,12,T1,hybrid_bidirectional,best,4248.58,9036.7
Detached,13,T1,safe_unidirectional,worst,5314.11,6020.93
Detached,13,T1,safe_unidirectional,best,5205.53,6020.93
Detached,13,T1,hybrid_bidirectional,worst,4276.12,8587.99
Detached,13,T1,hybrid_bidirectional,best,4131.41,8553.21
Detached,14,T1,safe_unidirectional,worst,5317.64,6060.47
Detached,14,T1,safe_unidirectional,best,5271.04,6060.47
Detached,14,T1,hybrid_bidirectional,worst,4133.69,8683.28
Detached,14,T1,hybrid_bidirectional,best,3946.65,8563.4
Detached,15,T1,safe_unidirectional,worst,5352.56,5961.98
Detached,15,T1,safe_unidirectional,best,5284.81,5961.98
Detached,15,T1,hybrid_bidirectional,worst,4319.77,8728.1
Detached,15,T1,hybrid_bidirectional,best,4178.87,8641.27
Detached,16,T1,safe_unidirectional,worst,4798.75,5561.97
Detached,16,T1,safe_unidirectional,best,4730.89,5561.97
Detached,16,T1,hybrid_bidirectional,worst,3922.6,7798.49
Detached,16,T1,hybrid_bidirectional,best,3744.59,7714.38
Detached,17,T1,safe_unidirectional,worst,5075.68,5702.47
Detached,17,T1,safe_unidirectional,best,4997.4,5702.47
Detached,17,T1,hybrid_bidirectional,worst,3822.66,7780.14
Detached,17,T1,hybrid_bidirectional,best,3752.02,7787.54
Detached,18,T1,safe_unidirectional,worst,5415.41,6030.43
Detached,18,T1,safe_unidirectional,best,5338.76,6030.43
Detached,18,T1,hybrid_bidirectional,worst,4210.07,8601.19
Detached,18,T1,hybrid_bidirectional,best,4164.55,8640.9
Detached,19,T1,safe_unidirectional,worst,5491.03,6082.16
Detached,19,T1,safe_unidirectional,best,5386.7,6082.16
Detached,19,T1,hybrid_bidirectional,worst,4298.56,8687.7
Detached,19,T1,hybrid_bidirectional,best,4196.18,8670.93
Detached,20,T1,safe_unidirectional,worst,5852.58,6511.53
Detached,20,T1,safe_unidirectional,best,5759.31,6511.53
Detached,20,T1,hybrid_bidirectional,worst,4546.82,9294.91
Detached,20,T1,hybrid_bidirectional,best,4460.71,9294.67
Detached,21,T1,safe_unidirectional,worst,4432.06,4965.5
Detached,21,T1,safe_unidirectional,best,4357.48,4965.5
Detached,21,T1,hybrid_bidirectional,worst,3471.93,7107.31
Detached,21,T1,hybrid_bidirectional,best,3442.27,7170.45
Detached,22,T1,safe_unidirectional,worst,5038.36,5666.95
Detached,22,T1,safe_unidirectional,best,4944.12,5666.95
Detached,22,T1,hybrid_bidirectional,worst,3812.58,7973.04
Detached,22,T1,hybrid_bidirectional,best,3657.48,7904.96
Detached,23,T1,safe_unidirectional,worst,4828.35,5407.01
Detached,23,T1,safe_unidirectional,best,4776.19,5407.01
Detached,23,T1,hybrid_bidirectional,worst,3672.99,7630.71
Detached,23,T1,hybrid_bidirectional,best,3596.97,7650.45
Detached,24,T1,safe_unidirectional,worst,5936.48,6610.26
Detached,24,T1,safe_unidirectional,best,5806.89,6610.26
Detached,24,T1,hybrid_bidirectional,worst,4470.24,8948.16
Detached,24,T1,hybrid_bidirectional,best,4285.63,8904.75
Detached,25,T1,safe_unidirectional,worst,5338.85,5958.91
Detached,25,T1,safe_unidirectional,best,5263.53,5958.91
Detached,25,T1,hybrid_bidirectional,worst,4197.53,8436.68
Detached,25,T1,hybrid_bidirectional,best,3928.73,8265.25
Detached,26,T1,safe_unidirectional,worst,4614.7,5241.38
Detached,26,T1,safe_unidirectional,best,4538.53,5241.38
Detached,26,T1,hybrid_bidirectional,worst,3660.95,7434.5
Detached,26,T1,hybrid_bidirectional,best,3572.81,7416.24
Detached,27,T1,safe_unidirectional,worst,5314.66,5846.54
Detached,27,T1,safe_unidirectional,best,5253.54,5846.54
Detached,27,T1,hybrid_bidirectional,worst,4171.17,8296.18
Detached,27,T1,hybrid_bidirectional,best,4085.07,8302.6
Detached,28,T1,safe_unidirectional,worst,5028.2,5735.67
Detached,28,T1,safe_unidirectional,best,4968.38,5735.67
Detached,28,T1,hybrid_bidirectional,worst,3895.24,8187.04
Detached,28,T1,hybrid_bidirectional,best,3915.7,8300.26
Detached,29,T1,safe_unidirectional,worst,5660.59,6319.21
Detached,29,T1,safe_unidirectional,best,5564.11,6319.21
Detached,29,T1,hybrid_bidirectional,worst,4207.08,8699.3
Detached,29,T1,hybrid_bidirectional,best,4042.08,8656.13
Detached,30,T1,safe_unidirectional,worst,5819.68,6488.24
Detached,30,T1,safe_unidirectional,best,5762.39,6488.24
Detached,30,T1,hybrid_bidirectional,worst,4260.8,9053.08
Detached,30,T1,hybrid_bidirectional,best,4192.34,9081.45
Detached,31,T1,safe_unidirectional,worst,4984.26,5621.71
Detached,31,T1,safe_unidirectional,best,4890.73,5621.71
Detached,31,T1,hybrid_bidirectional,worst,3861.66,7875.75
Detached,31,T1,hybrid_bidirectional,best,3781.74,7887.84
Detached,32,T1,safe_unidirectional,worst,5316.25,6022.68
Detached,32,T1,safe_unidirectional,best,5210.69,6022.68
Detached,32,T1,hybrid_bidirectional,worst,4101.16,8544.84
Detached,32,T1,hybrid_bidirectional,best,3877.73,8435.08
Detached,33,T1,safe_unidirectional,worst,5272.95,5812.64
Detached,33,T1,safe_unidirectional,best,5217.73,5812.64
Detached,33,T1,hybrid_bidirectional,worst,3884.73,8021.3
Detached,33,T1,hybrid_bidirectional,best,3791.65,8000.58
Detached,34,T1,safe_unidirectional,worst,5627.69,6246.42
Detached,34,T1,safe_unidirectional,best,5521.32,6246.42
Detached,34,T1,hybrid_bidirectional,worst,4350.2,8476.28
Detached,34,T1,hybrid_bidirectional,best,4214.82,8460.0
Detached,35,T1,safe_unidirectional,worst,5725.48,6537.98
Detached,35,T1,safe_unidirectional,best,5648.34,6537.98
Detached,35,T1,hybrid_bidirectional,worst,4414.81,9157.83
Detached,35,T1,hybrid_bidirectional,best,4319.0,9163.5
Detached,36,T1,safe_unidirectional,worst,5781.17,6406.63
Detached,36,T1,safe_unidirectional,best,5694.2,6406.63
Detached,36,T1,hybrid_bidirectional,worst,4628.71,9034.86
Detached,36,T1,hybrid_bidirectional,best,4314.99,8835.56
Detached,37,T1,safe_unidirectional,worst,5300.23,5963.86
Detached,37,T1,safe_unidirectional,best,5213.51,5963.86
Detached,37,T1,hybrid_bidirectional,worst,4054.86,8580.74
Detached,37,T1,hybrid_bidirectional,best,3897.73,8505.51
Detached,38,T1,safe_unidirectional,worst,5888.19,6619.56
Detached,38,T1,safe_unidirectional,best,5756.4,6619.56
Detached,38,T1,hybrid_bidirectional,worst,4613.14,9016.67
Detached,38,T1,hybrid_bidirectional,best,4444.59,9008.28
Detached,39,T1,safe_unidirectional,worst,4929.21,5619.66
Detached,39,T1,safe_unidirectional,best,4835.63,5619.66
Detached,39,T1,hybrid_bidirectional,worst,4006.46,8194.12
Detached,39,T1,hybrid_bidirectional,best,3837.39,8135.17
Detached,40,T1,safe_unidirectional,worst,5611.39,6311.29
Detached,40,T1,safe_unidirectional,best,5525.85,6311.29
Detached,40,T1,hybrid_bidirectional,worst,4438.85,9076.17
Detached,40,T1,hybrid_bidirectional,best,4286.97,9035.97
Detached,41,T1,safe_unidirectional,worst,5883.06,6631.22
Detached,41,T1,safe_unidirectional,best,5791.57,6631.22
Detached,41,T1,hybrid_bidirectional,worst,4554.67,9518.21
Detached,41,T1,hybrid_bidirectional,best,4236.0,9318.9
Detached,42,T1,safe_unidirectional,worst,5371.83,5955.83
Detached,42,T1,safe_unidirectional,best,5289.56,5955.83
Detached,42,T1,hybrid_bidirectional,worst,4098.66,8501.68
Detached,42,T1,hybrid_bidirectional,best,4064.31,8548.05
Detached,43,T1,safe_unidirectional,worst,5335.83,5993.81
Detached,43,T1,safe_unidirectional,best,5270.11,5993.81
Detached,43,T1,hybrid_bidirectional,worst,3972.73,8369.7
Detached,43,T1,hybrid_bidirectional,best,3867.08,8327.52
Detached,44,T1,safe_unidirectional,worst,5658.54,6347.84
Detached,44,T1,safe_unidirectional,best,5599.92,6347.84
Detached,44,T1,hybrid_bidirectional,worst,4325.22,8846.82
Detached,44,T1,hybrid_bidirectional,best,4298.58,8941.05
Detached,45,T1,safe_unidirectional,worst,4652.89,5315.96
Detached,45,T1,safe_unidirectional,best,4566.7,5315.96
Detached,45,T1,hybrid_bidirectional,worst,3749.86,7564.08
Detached,45,T1,hybrid_bidirectional,best,3627.07,7553.72
Detached,46,T1,safe_unidirectional,worst,6037.73,6800.14
Detached,46,T1,safe_unidirectional,best,5915.87,6800.14
Detached,46,T1,hybrid_bidirectional,worst,4685.9,9284.32
Detached,46,T1,hybrid_bidirectional,best,4502.86,9260.89
Detached,47,T1,safe_unidirectional,worst,4950.74,5542.69
Detached,47,T1,safe_unidirectional,best,4869.09,5542.69
Detached,47,T1,hybrid_bidirectional,worst,4024.59,8063.63
Detached,47,T1,hybrid_bidirectional,best,3883.02,8019.97
Detached,48,T1,safe_unidirectional,worst,4747.23,5432.58
Detached,48,T1,safe_unidirectional,best,4661.04,5432.58
Detached,48,T1,hybrid_bidirectional,worst,3782.46,7785.29
Detached,48,T1,hybrid_bidirectional,best,3591.14,7694.02
Detached,49,T1,safe_unidirectional,worst,5048.75,5754.2
Detached,49,T1,safe_unidirectional,best,4961.64,5754.2
Detached,49,T1,hybrid_bidirectional,worst,3923.93,7776.37
Detached,49,T1,hybrid_bidirectional,best,3803.85,7780.07
Detached,50,T1,safe_unidirectional,worst,5479.56,6168.3
Detached,50,T1,safe_unidirectional,best,5399.44,6168.3
Detached,50,T1,hybrid_bidirectional,worst,4153.85,8500.78
Detached,50,T1,hybrid_bidirectional,best,4102.22,8578.23
Detached,51,T1,safe_unidirectional,worst,5097.38,5672.14
Detached,51,T1,safe_unidirectional,best,5014.17,5672.14
Detached,51,T1,hybrid_bidirectional,worst,3986.98,8113.65
Detached,51,T1,hybrid_bidirectional,best,3918.51,8140.53
Detached,52,T1,safe_unidirectional,worst,5293.32,5968.75
Detached,52,T1,safe_unidirectional,best,5169.84,5968.75
Detached,52,T1,hybrid_bidirectional,worst,4098.71,8439.37
Detached,52,T1,hybrid_bidirectional,best,4042.65,8518.3
Detached,53,T1,safe_unidirectional,worst,5564.4,6346.1
Detached,53,T1,safe_unidirectional,best,5474.1,6346.1
Detached,53,T1,hybrid_bidirectional,worst,4336.77,8711.88
Detached,53,T1,hybrid_bidirectional,best,4139.29,8607.29
Detached,54,T1,safe_unidirectional,worst,5284.78,5895.29
Detached,54,T1,safe_unidirectional,best,5232.47,5895.29
Detached,54,T1,hybrid_bidirectional,worst,3954.16,8434.23
Detached,54,T1,hybrid_bidirectional,best,3880.84,8426.58
Detached,55,T1,safe_unidirectional,worst,5081.39,5744.07
Detached,55,T1,safe_unidirectional,best,4977.38,5744.07
Detached,55,T1,hybrid_bidirectional,worst,3795.05,7997.13
Detached,55,T1,hybrid_bidirectional,best,3699.01,8017.11
Detached,56,T1,safe_unidirectional,worst,5127.27,5835.53
Detached,56,T1,safe_unidirectional,best,5037.66,5835.53
Detached,56,T1,hybrid_bidirectional,worst,3836.41,8152.23
Detached,56,T1,hybrid_bidirectional,best,3781.39,8203.04
Detached,57,T1,safe_unidirectional,worst,5013.08,5772.14
Detached,57,T1,safe_unidirectional,best,4912.57,5772.14
Detached,57,T1,hybrid_bidirectional,worst,3979.12,8056.52
Detached,57,T1,hybrid_bidirectional,best,3724.07,7939.85
Detached,58,T1,safe_unidirectional,worst,5267.85,5898.66
Detached,58,T1,safe_unidirectional,best,5186.25,5898.66
Detached,58,T1,hybrid_bidirectional,worst,4090.33,8204.5
Detached,58,T1,hybrid_bidirectional,best,3959.92,8171.45
Detached,59,T1,safe_unidirectional,worst,5403.99,6058.66
Detached,59,T1,safe_unidirectional,best,5308.27,6058.66
Detached,59,T1,hybrid_bidirectional,worst,4110.73,8405.45
Detached,59,T1,hybrid_bidirectional,best,3992.18,8398.3
Detached,1,T1,safe_unidirectional,worst,5383.64,6041.36
Detached,1,T1,safe_unidirectional,best,5302.26,6041.36
Detached,1,T1,hybrid_bidirectional,worst,4269.53,8418.73
Detached,1,T1,hybrid_bidirectional,best,4049.4,8326.97
Detached,2,T1,safe_unidirectional,worst,5662.27,6267.66
Detached,2,T1,safe_unidirectional,best,5574.68,6267.66
Detached,2,T1,hybrid_bidirectional,worst,4490.06,8764.67
Detached,2,T1,hybrid_bidirectional,best,4407.94,8778.48
Detached,3,T1,safe_unidirectional,worst,5988.87,6710.37
Detached,3,T1,safe_unidirectional,best,5893.53,6710.37
Detached,3,T1,hybrid_bidirectional,worst,4588.21,9159.03
Detached,3,T1,hybrid_bidirectional,best,4399.75,9074.67
Detached,4,T1,safe_unidirectional,worst,5147.22,5852.79
Detached,4,T1,safe_unidirectional,best,5087.33,5852.79
Detached,4,T1,hybrid_bidirectional,worst,3862.28,8173.19
Detached,4,T1,hybrid_bidirectional,best,3913.88,8284.93
Detached,5,T1,safe_unidirectional,worst,5514.84,6126.45
Detached,5,T1,safe_unidirectional,best,5430.95,6126.45
Detached,5,T1,hybrid_bidirectional,worst,4270.2,8665.39
Detached,5,T1,hybrid_bidirectional,best,4246.71,8718.92
Detached,6,T1,safe_unidirectional,worst,5468.26,6095.08
Detached,6,T1,safe_unidirectional,best,5405.49,6095.08
Detached,6,T1,hybrid_bidirectional,worst,4214.52,8483.06
Detached,6,T1,hybrid_bidirectional,best,3992.17,8352.82
Detached,7,T1,safe_unidirectional,worst,5698.14,6506.31
Detached,7,T1,safe_unidirectional,best,5571.51,6506.31
Detached,7,T1,hybrid_bidirectional,worst,4392.36,9108.89
Detached,7,T1,hybrid_bidirectional,best,4257.98,9110.37
Detached,8,T1,safe_unidirectional,worst,5245.71,5970.46
Detached,8,T1,safe_unidirectional,best,5137.12,5970.46
Detached,8,T1,hybrid_bidirectional,worst,3944.39,8202.55
Detached,8,T1,hybrid_bidirectional,best,3708.63,8068.12
Detached,9,T1,safe_unidirectional,worst,4880.91,5525.7
Detached,9,T1,safe_unidirectional,best,4820.28,5525.7
Detached,9,T1,hybrid_bidirectional,worst,3747.24,7659.36
Detached,9,T1,hybrid_bidirectional,best,3647.75,7640.37
Detached,10,T1,safe_unidirectional,worst,4548.77,5227.95
Detached,10,T1,safe_unidirectional,best,4452.55,5227.95
Detached,10,T1,hybrid_bidirectional,worst,3688.5,7398.87
Detached,10,T1,hybrid_bidirectional,best,3590.42,7397.63
Detached,11,T1,safe_unidirectional,worst,4615.64,5200.46
Detached,11,T1,safe_unidirectional,best,4528.93,5200.46
Detached,11,T1,hybrid_bidirectional,worst,3444.16,7273.2
Detached,11,T1,hybrid_bidirectional,best,3522.56,7455.24
Detached,12,T1,safe_unidirectional,worst,4953.26,5574.13
Detached,12,T1,safe_unidirectional,best,4842.69,5574.13
Detached,12,T1,hybrid_bidirectional,worst,3940.69,7958.16
Detached,12,T1,hybrid_bidirectional,best,3780.73,7883.42
Detached,13,T1,safe_unidirectional,worst,4627.86,5340.7
Detached,13,T1,safe_unidirectional,best,4550.68,5340.7
Detached,13,T1,hybrid_bidirectional,worst,3680.01,7634.95
Detached,13,T1,hybrid_bidirectional,best,3358.42,7419.86
Detached,14,T1,safe_unidirectional,worst,5533.59,6171.01
Detached,14,T1,safe_unidirectional,best,5460.87,6171.01
Detached,14,T1,hybrid_bidirectional,worst,4219.27,8862.39
Detached,14,T1,hybrid_bidirectional,best,4120.81,8847.1
Detached,15,T1,safe_unidirectional,worst,4730.24,5379.03
Detached,15,T1,safe_unidirectional,best,4669.74,5379.03
Detached,15,T1,hybrid_bidirectional,worst,3702.36,7535.14
Detached,15,T1,hybrid_bidirectional,best,3642.56,7543.04
Detached,16,T1,safe_unidirectional,worst,5817.53,6587.71
Detached,16,T1,safe_unidirectional,best,5723.93,6587.71
Detached,16,T1,hybrid_bidirectional,worst,4593.1,9460.15
Detached,16,T1,hybrid_bidirectional,best,4292.02,9268.49
Detached,17,T1,safe_unidirectional,worst,5631.39,6328.43
Detached,17,T1,safe_unidirectional,best,5554.22,6328.43
Detached,17,T1,hybrid_bidirectional,worst,4389.92,9178.42
Detached,17,T1,hybrid_bidirectional,best,4291.75,9161.89
Detached,18,T1,safe_unidirectional,worst,4387.15,5070.87
Detached,18,T1,safe_unidirectional,best,4325.12,5070.87
Detached,18,T1,hybrid_bidirectional,worst,3496.46,7193.93
Detached,18,T1,hybrid_bidirectional,best,3418.21,7176.17
Detached,19,T1,safe_unidirectional,worst,5336.54,5970.9
Detached,19,T1,safe_unidirectional,best,5262.6,5970.9
Detached,19,T1,hybrid_bidirectional,worst,3948.35,8171.17
Detached,19,T1,hybrid_bidirectional,best,3790.75,8120.85
Detached,20,T1,safe_unidirectional,worst,5329.7,6008.37
Detached,20,T1,safe_unidirectional,best,5241.94,6008.37
Detached,20,T1,hybrid_bidirectional,worst,4191.48,8463.45
Detached,20,T1,hybrid_bidirectional,best,4076.45,8451.36
Detached,21,T1,safe_unidirectional,worst,4901.11,5587.3
Detached,21,T1,safe_unidirectional,best,4825.74,5587.3
Detached,21,T1,hybrid_bidirectional,worst,3767.35,7818.4
Detached,21,T1,hybrid_bidirectional,best,3604.65,7749.58
Detached,22,T1,safe_unidirectional,worst,4747.41,5317.54
Detached,22,T1,safe_unidirectional,best,4651.33,5317.54
Detached,22,T1,hybrid_bidirectional,worst,3684.67,7567.14
Detached,22,T1,hybrid_bidirectional,best,3583.55,7577.99
Detached,23,T1,safe_unidirectional,worst,5750.03,6421.26
Detached,23,T1,safe_unidirectional,best,5684.57,6421.26
Detached,23,T1,hybrid_bidirectional,worst,4536.82,9156.79
Detached,23,T1,hybrid_bidirectional,best,4478.05,9171.59
Detached,24,T1,safe_unidirectional,worst,5291.51,5998.51
Detached,24,T1,safe_unidirectional,best,5199.8,5998.51
Detached,24,T1,hybrid_bidirectional,worst,4310.91,8525.11
Detached,24,T1,hybrid_bidirectional,best,4201.53,8540.9
Detached,25,T1,safe_unidirectional,worst,5435.11,6087.95
Detached,25,T1,safe_unidirectional,best,5351.06,6087.95
Detached,25,T1,hybrid_bidirectional,worst,3996.9,8334.59
Detached,25,T1,hybrid_bidirectional,best,3793.18,8218.17
Detached,26,T1,safe_unidirectional,worst,4992.48,5631.85
Detached,26,T1,safe_unidirectional,best,4904.91,5631.85
Detached,26,T1,hybrid_bidirectional,worst,3909.19,8015.88
Detached,26,T1,hybrid_bidirectional,best,3795.52,7991.95
Detached,27,T1,safe_unidirectional,worst,5391.13,6074.93
Detached,27,T1,safe_unidirectional,best,5305.92,6074.93
Detached,27,T1,hybrid_bidirectional,worst,4247.92,8502.87
Detached,27,T1,hybrid_bidirectional,best,3976.08,8314.91
Detached,28,T1,safe_unidirectional,worst,5757.07,6359.17
Detached,28,T1,safe_unidirectional,best,5677.62,6359.17
Detached,28,T1,hybrid_bidirectional,worst,4525.87,9107.04
Detached,28,T1,hybrid_bidirectional,best,4398.39,9074.97
Detached,29,T1,safe_unidirectional,worst,5883.32,6539.25
Detached,29,T1,safe_unidirectional,best,5744.24,6539.25
Detached,29,T1,hybrid_bidirectional,worst,4498.32,8947.7
Detached,29,T1,hybrid_bidirectional,best,4324.16,8892.45
Detached,30,T1,safe_unidirectional,worst,5096.78,5733.69
Detached,30,T1,safe_unidirectional,best,5035.39,5733.69
Detached,30,T1,hybrid_bidirectional,worst,3959.47,8164.1
Detached,30,T1,hybrid_bidirectional,best,3850.01,8119.7
Detached,31,T1,safe_unidirectional,worst,5521.69,6153.51
Detached,31,T1,safe_unidirectional,best,5437.46,6153.51
Detached,31,T1,hybrid_bidirectional,worst,3871.68,8448.99
Detached,31,T1,hybrid_bidirectional,best,3791.57,8465.52
Detached,32,T1,safe_unidirectional,worst,5099.83,5796.65
Detached,32,T1,safe_unidirectional,best,4997.25,5796.65
Detached,32,T1,hybrid_bidirectional,worst,4136.91,8133.08
Detached,32,T1,hybrid_bidirectional,best,4023.71,8130.37
Detached,33,T1,safe_unidirectional,worst,5553.23,6161.82
Detached,33,T1,safe_unidirectional,best,5474.41,6161.82
Detached,33,T1,hybrid_bidirectional,worst,4265.08,8779.69
Detached,33,T1,hybrid_bidirectional,best,4262.26,8858.87
Detached,34,T1,safe_unidirectional,worst,5536.17,6357.07
Detached,34,T1,safe_unidirectional,best,5433.79,6357.07
Detached,34,T1,hybrid_bidirectional,worst,4524.85,8821.76
Detached,34,T1,hybrid_bidirectional,best,4294.71,8705.58
Detached,35,T1,safe_unidirectional,worst,4894.97,5427.63
Detached,35,T1,safe_unidirectional,best,4829.38,5427.63
Detached,35,T1,hybrid_bidirectional,worst,3643.09,7718.91
Detached,35,T1,hybrid_bidirectional,best,3459.75,7592.87
Detached,36,T1,safe_unidirectional,worst,5081.29,5675.0
Detached,36,T1,safe_unidirectional,best,4992.12,5675.0
Detached,36,T1,hybrid_bidirectional,worst,3871.68,7935.45
Detached,36,T1,hybrid_bidirectional,best,3635.84,7813.85
Detached,37,T1,safe_unidirectional,worst,6247.33,6998.95
Detached,37,T1,safe_unidirectional,best,6123.66,6998.95
Detached,37,T1,hybrid_bidirectional,worst,4903.99,9733.0
Detached,37,T1,hybrid_bidirectional,best,4936.66,9845.73
Detached,38,T1,safe_unidirectional,worst,5138.27,5781.93
Detached,38,T1,safe_unidirectional,best,5075.76,5781.93
Detached,38,T1,hybrid_bidirectional,worst,3843.48,7949.63
Detached,38,T1,hybrid_bidirectional,best,3779.02,7986.88
Detached,39,T1,safe_unidirectional,worst,5075.89,5736.21
Detached,39,T1,safe_unidirectional,best,4993.81,5736.21
Detached,39,T1,hybrid_bidirectional,worst,3661.87,7971.01
Detached,39,T1,hybrid_bidirectional,best,3490.26,7874.31
Detached,40,T1,safe_unidirectional,worst,4819.88,5451.07
Detached,40,T1,safe_unidirectional,best,4721.02,5451.07
Detached,40,T1,hybrid_bidirectional,worst,3679.02,7675.27
Detached,40,T1,hybrid_bidirectional,best,3658.08,7734.96
Detached,41,T1,safe_unidirectional,worst,5263.92,5885.27
Detached,41,T1,safe_unidirectional,best,5176.02,5885.27
Detached,41,T1,hybrid_bidirectional,worst,3998.13,8455.29
Detached,41,T1,hybrid_bidirectional,best,3761.87,8335.41
Semi_Detached,1,T1,safe_unidirectional,worst,5504.87,6138.09
Semi_Detached,1,T1,safe_unidirectional,best,5439.59,6138.09
Semi_Detached,1,T1,hybrid_bidirectional,worst,4212.51,8553.21
Semi_Detached,1,T1,hybrid_bidirectional,best,4134.28,8562.58
Semi_Detached,2,T1,safe_unidirectional,worst,5198.77,5894.85
Semi_Detached,2,T1,safe_unidirectional,best,5083.52,5894.85
Semi_Detached,2,T1,hybrid_bidirectional,worst,4052.34,8257.67
Semi_Detached,2,T1,hybrid_bidirectional,best,3963.65,8277.16
Semi_Detached,3,T1,safe_unidirectional,worst,5661.88,6347.39
Semi_Detached,3,T1,safe_unidirectional,best,5583.6,6347.39
Semi_Detached,3,T1,hybrid_bidirectional,worst,4015.61,8625.35
Semi_Detached,3,T1,hybrid_bidirectional,best,4099.98,8809.12
Semi_Detached,4,T1,safe_unidirectional,worst,4920.64,5502.52
Semi_Detached,4,T1,safe_unidirectional,best,4839.4,5502.52
Semi_Detached,4,T1,hybrid_bidirectional,worst,3783.13,7754.58
Semi_Detached,4,T1,hybrid_bidirectional,best,3682.23,7763.22
Semi_Detached,5,T1,safe_unidirectional,worst,5137.29,5816.22
Semi_Detached,5,T1,safe_unidirectional,best,5046.65,5816.22
Semi_Detached,5,T1,hybrid_bidirectional,worst,4081.28,8231.83
Semi_Detached,5,T1,hybrid_bidirectional,best,3901.32,8177.81
Semi_Detached,6,T1,safe_unidirectional,worst,5386.96,6111.07
Semi_Detached,6,T1,safe_unidirectional,best,5267.77,6111.07
Semi_Detached,6,T1,hybrid_bidirectional,worst,4178.27,8622.63
Semi_Detached,6,T1,hybrid_bidirectional,best,4094.5,8646.56
Semi_Detached,7,T1,safe_unidirectional,worst,5801.09,6475.05
Semi_Detached,7,T1,safe_unidirectional,best,5691.44,6475.05
Semi_Detached,7,T1,hybrid_bidirectional,worst,4267.76,8898.8
Semi_Detached,7,T1,hybrid_bidirectional,best,4178.27,8901.76
Semi_Detached,8,T1,safe_unidirectional,worst,4791.74,5560.77
Semi_Detached,8,T1,safe_unidirectional,best,4699.55,5560.77
Semi_Detached,8,T1,hybrid_bidirectional,worst,3584.63,7670.02
Semi_Detached,8,T1,hybrid_bidirectional,best,3519.23,7680.13
Semi_Detached,9,T1,safe_unidirectional,worst,4953.92,5638.66
Semi_Detached,9,T1,safe_unidirectional,best,4879.13,5638.66
Semi_Detached,9,T1,hybrid_bidirectional,worst,3775.24,7907.26
Semi_Detached,9,T1,hybrid_bidirectional,best,3587.25,7801.68
Semi_Detached,10,T1,safe_unidirectional,worst,5374.59,6202.19
Semi_Detached,10,T1,safe_unidirectional,best,5262.14,6202.19
Semi_Detached,10,T1,hybrid_bidirectional,worst,4331.17,8814.64
Semi_Detached,10,T1,hybrid_bidirectional,best,4068.86,8699.2
Semi_Detached,11,T1,safe_unidirectional,worst,5687.81,6299.31
Semi_Detached,11,T1,safe_unidirectional,best,5606.38,6299.31
Semi_Detached,11,T1,hybrid_bidirectional,worst,4362.97,8775.11
Semi_Detached,11,T1,hybrid_bidirectional,best,4164.31,8676.19
Semi_Detached,12,T1,safe_unidirectional,worst,5107.38,5692.78
Semi_Detached,12,T1,safe_unidirectional,best,5048.13,5692.78
Semi_Detached,12,T1,hybrid_bidirectional,worst,4285.45,8408.58
Semi_Detached,12,T1,hybrid_bidirectional,best,4121.5,8300.79
Semi_Detached,13,T1,safe_unidirectional,worst,5025.97,5644.85
Semi_Detached,13,T1,safe_unidirectional,best,4943.22,5644.85
Semi_Detached,13,T1,hybrid_bidirectional,worst,3803.5,7759.28
Semi_Detached,13,T1,hybrid_bidirectional,best,3607.01,7652.96
Semi_Detached,14,T1,safe_unidirectional,worst,5015.17,5636.24
Semi_Detached,14,T1,safe_unidirectional,best,4943.89,5636.24
Semi_Detached,14,T1,hybrid_bidirectional,worst,3929.63,8089.83
Semi_Detached,14,T1,hybrid_bidirectional,best,3848.77,8105.13
Semi_Detached,15,T1,safe_unidirectional,worst,4796.24,5350.1
Semi_Detached,15,T1,safe_unidirectional,best,4723.45,5350.1
Semi_Detached,15,T1,hybrid_bidirectional,worst,3553.99,7505.22
Semi_Detached,15,T1,hybrid_bidirectional,best,3488.67,7513.36
Semi_Detached,16,T1,safe_unidirectional,worst,4673.31,5303.26
Semi_Detached,16,T1,safe_unidirectional,best,4571.31,5303.26
Semi_Detached,16,T1,hybrid_bidirectional,worst,3558.69,7324.94
Semi_Detached,16,T1,hybrid_bidirectional,best,3380.7,7255.38
Semi_Detached,17,T1,safe_unidirectional,worst,5169.92,5890.81
Semi_Detached,17,T1,safe_unidirectional,best,5069.77,5890.81
Semi_Detached,17,T1,hybrid_bidirectional,worst,4073.74,8327.63
Semi_Detached,17,T1,hybrid_bidirectional,best,4024.27,8377.46
Semi_Detached,18,T1,safe_unidirectional,worst,4206.96,4812.13
Semi_Detached,18,T1,safe_unidirectional,best,4119.86,4812.13
Semi_Detached,18,T1,hybrid_bidirectional,worst,3264.09,6799.52
Semi_Detached,18,T1,hybrid_bidirectional,best,3184.36,6793.11
Semi_Detached,19,T1,safe_unidirectional,worst,4853.41,5437.62
Semi_Detached,19,T1,safe_unidirectional,best,4784.46,5437.62
Semi_Detached,19,T1,hybrid_bidirectional,worst,3892.82,7821.16
Semi_Detached,19,T1,hybrid_bidirectional,best,3756.01,7785.64
Semi_Detached,20,T1,safe_unidirectional,worst,5272.43,6027.58
Semi_Detached,20,T1,safe_unidirectional,best,5161.55,6027.58
Semi_Detached,20,T1,hybrid_bidirectional,worst,4047.32,8528.53
Semi_Detached,20,T1,hybrid_bidirectional,best,3831.64,8421.23
Semi_Detached,21,T1,safe_unidirectional,worst,5575.22,6259.91
Semi_Detached,21,T1,safe_unidirectional,best,5502.79,6259.91
Semi_Detached,21,T1,hybrid_bidirectional,worst,4004.12,8681.19
Semi_Detached,21,T1,hybrid_bidirectional,best,3993.9,8744.83
Semi_Detached,22,T1,safe_unidirectional,worst,5559.92,6362.8
Semi_Detached,22,T1,safe_unidirectional,best,5471.52,6362.8
Semi_Detached,22,T1,hybrid_bidirectional,worst,4233.27,8948.36
Semi_Detached,22,T1,hybrid_bidirectional,best,4241.74,9035.18
Semi_Detached,23,T1,safe_unidirectional,worst,5193.35,5899.86
Semi_Detached,23,T1,safe_unidirectional,best,5111.5,5899.86
Semi_Detached,23,T1,hybrid_bidirectional,worst,4291.44,8695.08
Semi_Detached,23,T1,hybrid_bidirectional,best,4099.12,8595.68
Semi_Detached,24,T1,safe_unidirectional,worst,5109.92,5796.31
Semi_Detached,24,T1,safe_unidirectional,best,4993.86,5796.31
Semi_Detached,24,T1,hybrid_bidirectional,worst,3928.94,8105.6
Semi_Detached,24,T1,hybrid_bidirectional,best,3851.69,8132.73
Semi_Detached,25,T1,safe_unidirectional,worst,4353.96,4901.49
Semi_Detached,25,T1,safe_unidirectional,best,4259.77,4901.49
Semi_Detached,25,T1,hybrid_bidirectional,worst,3270.53,6732.99
Semi_Detached,25,T1,hybrid_bidirectional,best,3087.05,6661.71
Semi_Detached,26,T1,safe_unidirectional,worst,4443.7,5044.99
Semi_Detached,26,T1,safe_unidirectional,best,4399.53,5044.99
Semi_Detached,26,T1,hybrid_bidirectional,worst,3310.35,7065.93
Semi_Detached,26,T1,hybrid_bidirectional,best,3294.97,7108.6
Semi_Detached,27,T1,safe_unidirectional,worst,4728.94,5408.43
Semi_Detached,27,T1,safe_unidirectional,best,4630.08,5408.43
Semi_Detached,27,T1,hybrid_bidirectional,worst,3596.26,7602.77
Semi_Detached,27,T1,hybrid_bidirectional,best,3597.99,7696.51
Semi_Detached,28,T1,safe_unidirectional,worst,5492.44,6225.33
Semi_Detached,28,T1,safe_unidirectional,best,5405.72,6225.33
Semi_Detached,28,T1,hybrid_bidirectional,worst,4470.07,9006.01
Semi_Detached,28,T1,hybrid_bidirectional,best,4214.92,8871.08
Semi_Detached,29,T1,safe_unidirectional,worst,5488.46,6153.48
Semi_Detached,29,T1,safe_unidirectional,best,5382.79,6153.48
Semi_Detached,29,T1,hybrid_bidirectional,worst,4403.91,8839.44
Semi_Detached,29,T1,hybrid_bidirectional,best,4248.06,8817.24
Semi_Detached,30,T1,safe_unidirectional,worst,4955.48,5591.06
Semi_Detached,30,T1,safe_unidirectional,best,4885.44,5591.06
Semi_Detached,30,T1,hybrid_bidirectional,worst,3777.74,7944.26
Semi_Detached,30,T1,hybrid_bidirectional,best,3716.92,7945.99
Semi_Detached,31,T1,safe_unidirectional,worst,6197.8,6868.95
Semi_Detached,31,T1,safe_unidirectional,best,6111.75,6868.95
Semi_Detached,31,T1,hybrid_bidirectional,worst,4717.52,9610.9
Semi_Detached,31,T1,hybrid_bidirectional,best,4512.35,9520.87
Semi_Detached,32,T1,safe_unidirectional,worst,4801.93,5438.44
Semi_Detached,32,T1,safe_unidirectional,best,4738.52,5438.44
Semi_Detached,32,T1,hybrid_bidirectional,worst,3711.3,7733.67
Semi_Detached,32,T1,hybrid_bidirectional,best,3661.95,7722.82
Semi_Detached,33,T1,safe_unidirectional,worst,5010.41,5646.1
Semi_Detached,33,T1,safe_unidirectional,best,4959.84,5646.1
Semi_Detached,33,T1,hybrid_bidirectional,worst,3750.53,7861.66
Semi_Detached,33,T1,hybrid_bidirectional,best,3753.04,7936.4
Semi_Detached,34,T1,safe_unidirectional,worst,5099.6,5795.1
Semi_Detached,34,T1,safe_unidirectional,best,4988.14,5795.1
Semi_Detached,34,T1,hybrid_bidirectional,worst,3920.87,8145.1
Semi_Detached,34,T1,hybrid_bidirectional,best,3704.05,8053.83
Semi_Detached,35,T1,safe_unidirectional,worst,4976.81,5724.06
Semi_Detached,35,T1,safe_unidirectional,best,4895.9,5724.06
Semi_Detached,35,T1,hybrid_bidirectional,worst,3842.36,7937.65
Semi_Detached,35,T1,hybrid_bidirectional,best,3920.81,8095.02
Semi_Detached,36,T1,safe_unidirectional,worst,5635.95,6314.59
Semi_Detached,36,T1,safe_unidirectional,best,5564.74,6314.59
Semi_Detached,36,T1,hybrid_bidirectional,worst,4377.5,8798.53
Semi_Detached,36,T1,hybrid_bidirectional,best,4318.41,8813.57
Semi_Detached,37,T1,safe_unidirectional,worst,5765.66,6407.1
Semi_Detached,37,T1,safe_unidirectional,best,5666.43,6407.1
Semi_Detached,37,T1,hybrid_bidirectional,worst,4344.08,9011.41
Semi_Detached,37,T1,hybrid_bidirectional,best,4206.87,8968.24
Semi_Detached,38,T1,safe_unidirectional,worst,5061.38,5687.42
Semi_Detached,38,T1,safe_unidirectional,best,4972.3,5687.42
Semi_Detached,38,T1,hybrid_bidirectional,worst,3883.43,7954.04
Semi_Detached,38,T1,hybrid_bidirectional,best,3695.2,7853.65
Semi_Detached,39,T1,safe_unidirectional,worst,5083.19,5696.65
Semi_Detached,39,T1,safe_unidirectional,best,4999.77,5696.65
Semi_Detached,39,T1,hybrid_bidirectional,worst,4010.03,7841.41
Semi_Detached,39,T1,hybrid_bidirectional,best,3904.89,7823.16
Semi_Detached,40,T1,safe_unidirectional,worst,5382.19,6135.69
Semi_Detached,40,T1,safe_unidirectional,best,5281.21,6135.69
Semi_Detached,40,T1,hybrid_bidirectional,worst,4046.84,8600.13
Semi_Detached,40,T1,hybrid_bidirectional,best,3904.04,8552.03
Semi_Detached,41,T1,safe_unidirectional,worst,4903.47,5433.8
Semi_Detached,41,T1,safe_unidirectional,best,4828.52,5433.8
Semi_Detached,41,T1,hybrid_bidirectional,worst,3816.62,7947.58
Semi_Detached,41,T1,hybrid_bidirectional,best,3692.63,7890.85
Semi_Detached,42,T1,safe_unidirectional,worst,4678.38,5390.85
Semi_Detached,42,T1,safe_unidirectional,best,4583.97,5390.85
Semi_Detached,42,T1,hybrid_bidirectional,worst,3575.3,7615.29
Semi_Detached,42,T1,hybrid_bidirectional,best,3298.73,7438.43
Semi_Detached,43,T1,safe_unidirectional,worst,4643.68,5209.96
Semi_Detached,43,T1,safe_unidirectional,best,4584.87,5209.96
Semi_Detached,43,T1,hybrid_bidirectional,worst,3695.93,7522.21
Semi_Detached,43,T1,hybrid_bidirectional,best,3527.94,7438.84
Semi_Detached,44,T1,safe_unidirectional,worst,5622.67,6253.61
Semi_Detached,44,T1,safe_unidirectional,best,5519.54,6253.61
Semi_Detached,44,T1,hybrid_bidirectional,worst,4220.15,8715.1
Semi_Detached,44,T1,hybrid_bidirectional,best,4095.21,8708.44
Semi_Detached,45,T1,safe_unidirectional,worst,4871.56,5447.32
Semi_Detached,45,T1,safe_unidirectional,best,4793.72,5447.32
Semi_Detached,45,T1,hybrid_bidirectional,worst,3610.56,7506.0
Semi_Detached,45,T1,hybrid_bidirectional,best,3626.23,7614.04
Semi_Detached,46,T1,safe_unidirectional,worst,5014.18,5690.83
Semi_Detached,46,T1,safe_unidirectional,best,4912.73,5690.83
Semi_Detached,46,T1,hybrid_bidirectional,worst,3811.06,7880.24
Semi_Detached,46,T1,hybrid_bidirectional,best,3642.87,7821.54
Semi_Detached,47,T1,safe_unidirectional,worst,5406.21,6042.55
Semi_Detached,47,T1,safe_unidirectional,best,5306.55,6042.55
Semi_Detached,47,T1,hybrid_bidirectional,worst,4202.93,8338.52
Semi_Detached,47,T1,hybrid_bidirectional,best,4077.27,8347.16
Semi_Detached,48,T1,safe_unidirectional,worst,5516.04,6153.93
Semi_Detached,48,T1,safe_unidirectional,best,5422.51,6153.93
Semi_Detached,48,T1,hybrid_bidirectional,worst,4298.04,8559.67
Semi_Detached,48,T1,hybrid_bidirectional,best,4207.0,8571.27
Semi_Detached,49,T1,safe_unidirectional,worst,5270.68,5875.86
Semi_Detached,49,T1,safe_unidirectional,best,5197.88,5875.86
Semi_Detached,49,T1,hybrid_bidirectional,worst,3862.71,8185.89
Semi_Detached,49,T1,hybrid_bidirectional,best,3870.31,8269.02
Semi_Detached,50,T1,safe_unidirectional,worst,5914.23,6609.23
Semi_Detached,50,T1,safe_unidirectional,best,5814.99,6609.23
Semi_Detached,50,T1,hybrid_bidirectional,worst,4217.47,8942.7
Semi_Detached,50,T1,hybrid_bidirectional,best,4104.81,8955.77
Semi_Detached,51,T1,safe_unidirectional,worst,5425.9,5996.28
Semi_Detached,51,T1,safe_unidirectional,best,5372.49,5996.28
Semi_Detached,51,T1,hybrid_bidirectional,worst,4254.02,8696.79
Semi_Detached,51,T1,hybrid_bidirectional,best,4166.42,8694.07
Semi_Detached,52,T1,safe_unidirectional,worst,4854.58,5534.15
Semi_Detached,52,T1,safe_unidirectional,best,4776.99,5534.15
Semi_Detached,52,T1,hybrid_bidirectional,worst,3595.21,7737.13
Semi_Detached,52,T1,hybrid_bidirectional,best,3361.32,7580.25
Semi_Detached,53,T1,safe_unidirectional,worst,5755.33,6416.62
Semi_Detached,53,T1,safe_unidirectional,best,5679.0,6416.62
Semi_Detached,53,T1,hybrid_bidirectional,worst,4627.19,9433.11
Semi_Detached,53,T1,hybrid_bidirectional,best,4572.74,9478.25
Semi_Detached,54,T1,safe_unidirectional,worst,5482.62,6093.77
Semi_Detached,54,T1,safe_unidirectional,best,5375.63,6093.77
Semi_Detached,54,T1,hybrid_bidirectional,worst,4298.5,8664.53
Semi_Detached,54,T1,hybrid_bidirectional,best,4169.11,8632.22
Semi_Detached,55,T1,safe_unidirectional,worst,5364.76,6036.2
Semi_Detached,55,T1,safe_unidirectional,best,5265.93,6036.2
Semi_Detached,55,T1,hybrid_bidirectional,worst,4118.86,8516.44
Semi_Detached,55,T1,hybrid_bidirectional,best,4086.58,8567.5
Semi_Detached,56,T1,safe_unidirectional,worst,4879.38,5514.83
Semi_Detached,56,T1,safe_unidirectional,best,4826.32,5514.83
Semi_Detached,56,T1,hybrid_bidirectional,worst,3675.8,7781.7
Semi_Detached,56,T1,hybrid_bidirectional,best,3532.13,7713.13
Semi_Detached,57,T1,safe_unidirectional,worst,4586.12,5203.77
Semi_Detached,57,T1,safe_unidirectional,best,4507.56,5203.77
Semi_Detached,57,T1,hybrid_bidirectional,worst,3411.22,7122.84
Semi_Detached,57,T1,hybrid_bidirectional,best,3352.79,7174.39
Semi_Detached,58,T1,safe_unidirectional,worst,5446.12,6171.41
Semi_Detached,58,T1,safe_unidirectional,best,5373.6,6171.41
Semi_Detached,58,T1,hybrid_bidirectional,worst,4171.18,8649.17
Semi_Detached,58,T1,hybrid_bidirectional,best,4081.62,8644.49
Semi_Detached,59,T1,safe_unidirectional,worst,4323.14,4877.94
Semi_Detached,59,T1,safe_unidirectional,best,4262.68,4877.94
Semi_Detached,59,T1,hybrid_bidirectional,worst,3183.94,6725.23
Semi_Detached,59,T1,hybrid_bidirectional,best,3060.07,6650.24
Semi_Detached,1,T1,safe_unidirectional,worst,4850.84,5446.29
Semi_Detached,1,T1,safe_unidirectional,best,4774.04,5446.29
Semi_Detached,1,T1,hybrid_bidirectional,worst,3588.91,7484.99
Semi_Detached,1,T1,hybrid_bidirectional,best,3499.79,7491.4
Semi_Detached,2,T1,safe_unidirectional,worst,5721.56,6410.05
Semi_Detached,2,T1,safe_unidirectional,best,5648.74,6410.05
Semi_Detached,2,T1,hybrid_bidirectional,worst,4468.72,9246.47
Semi_Detached,2,T1,hybrid_bidirectional,best,4265.58,9127.58
Semi_Detached,3,T1,safe_unidirectional,worst,4464.78,5051.34
Semi_Detached,3,T1,safe_unidirectional,best,4405.44,5051.34
Semi_Detached,3,T1,hybrid_bidirectional,worst,3327.51,7174.89
Semi_Detached,3,T1,hybrid_bidirectional,best,3312.22,7211.89
Semi_Detached,4,T1,safe_unidirectional,worst,5052.48,5699.57
Semi_Detached,4,T1,safe_unidirectional,best,4959.15,5699.57
Semi_Detached,4,T1,hybrid_bidirectional,worst,3930.9,7933.63
Semi_Detached,4,T1,hybrid_bidirectional,best,3848.82,7980.99
Semi_Detached,5,T1,safe_unidirectional,worst,5050.32,5652.69
Semi_Detached,5,T1,safe_unidirectional,best,4956.82,5652.69
Semi_Detached,5,T1,hybrid_bidirectional,worst,3996.13,8064.6
Semi_Detached,5,T1,hybrid_bidirectional,best,3913.44,8069.78
Semi_Detached,6,T1,safe_unidirectional,worst,5010.01,5659.58
Semi_Detached,6,T1,safe_unidirectional,best,4938.4,5659.58
Semi_Detached,6,T1,hybrid_bidirectional,worst,4064.37,8073.21
Semi_Detached,6,T1,hybrid_bidirectional,best,3903.1,8000.69
Semi_Detached,7,T1,safe_unidirectional,worst,5603.43,6229.18
Semi_Detached,7,T1,safe_unidirectional,best,5527.54,6229.18
Semi_Detached,7,T1,hybrid_bidirectional,worst,4166.02,8814.0
Semi_Detached,7,T1,hybrid_bidirectional,best,4201.32,8913.16
Semi_Detached,8,T1,safe_unidirectional,worst,4647.48,5209.81
Semi_Detached,8,T1,safe_unidirectional,best,4580.79,5209.81
Semi_Detached,8,T1,hybrid_bidirectional,worst,3734.92,7643.91
Semi_Detached,8,T1,hybrid_bidirectional,best,3637.2,7626.89
Semi_Detached,9,T1,safe_unidirectional,worst,5380.58,5977.31
Semi_Detached,9,T1,safe_unidirectional,best,5290.4,5977.31
Semi_Detached,9,T1,hybrid_bidirectional,worst,3984.36,8133.67
Semi_Detached,9,T1,hybrid_bidirectional,best,3969.56,8211.37
Semi_Detached,10,T1,safe_unidirectional,worst,4946.28,5591.63
Semi_Detached,10,T1,safe_unidirectional,best,4881.5,5591.63
Semi_Detached,10,T1,hybrid_bidirectional,worst,3638.99,7692.0
Semi_Detached,10,T1,hybrid_bidirectional,best,3553.38,7692.74
Semi_Detached,11,T1,safe_unidirectional,worst,5394.79,6100.03
Semi_Detached,11,T1,safe_unidirectional,best,5313.36,6100.03
Semi_Detached,11,T1,hybrid_bidirectional,worst,4208.25,8362.21
Semi_Detached,11,T1,hybrid_bidirectional,best,4107.42,8350.86
Semi_Detached,12,T1,safe_unidirectional,worst,5390.31,6072.53
Semi_Detached,12,T1,safe_unidirectional,best,5294.84,6072.53
Semi_Detached,12,T1,hybrid_bidirectional,worst,4060.24,8462.73
Semi_Detached,12,T1,hybrid_bidirectional,best,3940.42,8456.32
Semi_Detached,13,T1,safe_unidirectional,worst,4419.08,4938.54
Semi_Detached,13,T1,safe_unidirectional,best,4343.45,4938.54
Semi_Detached,13,T1,hybrid_bidirectional,worst,3589.9,7107.23
Semi_Detached,13,T1,hybrid_bidirectional,best,3471.95,7072.7
Semi_Detached,14,T1,safe_unidirectional,worst,5132.45,5673.56
Semi_Detached,14,T1,safe_unidirectional,best,5049.22,5673.56
Semi_Detached,14,T1,hybrid_bidirectional,worst,3851.2,8070.42
Semi_Detached,14,T1,hybrid_bidirectional,best,3659.47,7973.72
Semi_Detached,15,T1,safe_unidirectional,worst,4702.69,5261.09
Semi_Detached,15,T1,safe_unidirectional,best,4646.63,5261.09
Semi_Detached,15,T1,hybrid_bidirectional,worst,3686.04,7469.25
Semi_Detached,15,T1,hybrid_bidirectional,best,3658.63,7501.31
Semi_Detached,16,T1,safe_unidirectional,worst,5402.09,5936.39
Semi_Detached,16,T1,safe_unidirectional,best,5338.78,5936.39
Semi_Detached,16,T1,hybrid_bidirectional,worst,4170.81,8347.31
Semi_Detached,16,T1,hybrid_bidirectional,best,4031.75,8278.98
Semi_Detached,17,T1,safe_unidirectional,worst,5509.24,6128.61
Semi_Detached,17,T1,safe_unidirectional,best,5429.12,6128.61
Semi_Detached,17,T1,hybrid_bidirectional,worst,4391.01,8906.57
Semi_Detached,17,T1,hybrid_bidirectional,best,4240.87,8889.31
Semi_Detached,18,T1,safe_unidirectional,worst,5591.37,6275.9
Semi_Detached,18,T1,safe_unidirectional,best,5516.86,6275.9
Semi_Detached,18,T1,hybrid_bidirectional,worst,4319.5,8673.99
Semi_Detached,18,T1,hybrid_bidirectional,best,4290.41,8709.02
Semi_Detached,19,T1,safe_unidirectional,worst,4192.92,4857.61
Semi_Detached,19,T1,safe_unidirectional,best,4118.68,4857.61
Semi_Detached,19,T1,hybrid_bidirectional,worst,3267.4,6846.24
Semi_Detached,19,T1,hybrid_bidirectional,best,3186.9,6841.3
Semi_Detached,20,T1,safe_unidirectional,worst,5391.59,6148.8
Semi_Detached,20,T1,safe_unidirectional,best,5278.87,6148.8
Semi_Detached,20,T1,hybrid_bidirectional,worst,3932.25,8451.18
Semi_Detached,20,T1,hybrid_bidirectional,best,3739.26,8407.03
Semi_Detached,21,T1,safe_unidirectional,worst,5024.91,5730.56
Semi_Detached,21,T1,safe_unidirectional,best,4960.29,5730.56
Semi_Detached,21,T1,hybrid_bidirectional,worst,3720.31,7924.91
Semi_Detached,21,T1,hybrid_bidirectional,best,3722.76,8021.11
Semi_Detached,22,T1,safe_unidirectional,worst,4455.71,4985.24
Semi_Detached,22,T1,safe_unidirectional,best,4390.67,4985.24
Semi_Detached,22,T1,hybrid_bidirectional,worst,3374.37,6910.72
Semi_Detached,22,T1,hybrid_bidirectional,best,3258.04,6886.3
Semi_Detached,23,T1,safe_unidirectional,worst,5859.75,6639.07
Semi_Detached,23,T1,safe_unidirectional,best,5763.47,6639.07
Semi_Detached,23,T1,hybrid_bidirectional,worst,4400.1,9364.98
Semi_Detached,23,T1,hybrid_bidirectional,best,4397.33,9454.27
Semi_Detached,24,T1,safe_unidirectional,worst,4968.27,5645.78
Semi_Detached,24,T1,safe_unidirectional,best,4874.62,5645.78
Semi_Detached,24,T1,hybrid_bidirectional,worst,3807.85,8008.36
Semi_Detached,24,T1,hybrid_bidirectional,best,3754.04,8019.7
Semi_Detached,25,T1,safe_unidirectional,worst,4703.29,5365.46
Semi_Detached,25,T1,safe_unidirectional,best,4621.46,5365.46
Semi_Detached,25,T1,hybrid_bidirectional,worst,3619.33,7614.08
Semi_Detached,25,T1,hybrid_bidirectional,best,3511.59,7603.96
Semi_Detached,26,T1,safe_unidirectional,worst,4951.5,5558.89
Semi_Detached,26,T1,safe_unidirectional,best,4866.85,5558.89
Semi_Detached,26,T1,hybrid_bidirectional,worst,3893.22,7970.3
Semi_Detached,26,T1,hybrid_bidirectional,best,3576.08,7764.33
Semi_Detached,27,T1,safe_unidirectional,worst,4750.52,5400.57
Semi_Detached,27,T1,safe_unidirectional,best,4672.61,5400.57
Semi_Detached,27,T1,hybrid_bidirectional,worst,3668.73,7581.35
Semi_Detached,27,T1,hybrid_bidirectional,best,3483.53,7495.02
Semi_Detached,28,T1,safe_unidirectional,worst,6774.38,7494.71
Semi_Detached,28,T1,safe_unidirectional,best,6657.67,7494.71
Semi_Detached,28,T1,hybrid_bidirectional,worst,5168.54,10036.4
Semi_Detached,28,T1,hybrid_bidirectional,best,5081.88,10102.2
Semi_Detached,29,T1,safe_unidirectional,worst,5317.91,5955.09
Semi_Detached,29,T1,safe_unidirectional,best,5233.63,5955.09
Semi_Detached,29,T1,hybrid_bidirectional,worst,3914.1,8184.46
Semi_Detached,29,T1,hybrid_bidirectional,best,3753.03,8129.95
Semi_Detached,30,T1,safe_unidirectional,worst,5198.09,5858.05
Semi_Detached,30,T1,safe_unidirectional,best,5110.06,5858.05
Semi_Detached,30,T1,hybrid_bidirectional,worst,3968.44,8097.05
Semi_Detached,30,T1,hybrid_bidirectional,best,3873.97,8098.03
Semi_Detached,31,T1,safe_unidirectional,worst,4870.43,5550.21
Semi_Detached,31,T1,safe_unidirectional,best,4793.49,5550.21
Semi_Detached,31,T1,hybrid_bidirectional,worst,3734.71,7631.58
Semi_Detached,31,T1,hybrid_bidirectional,best,3600.47,7608.64
Semi_Detached,32,T1,safe_unidirectional,worst,5668.32,6274.03
Semi_Detached,32,T1,safe_unidirectional,best,5578.33,6274.03
Semi_Detached,32,T1,hybrid_bidirectional,worst,4227.59,8740.45
Semi_Detached,32,T1,hybrid_bidirectional,best,4120.29,8737.73
Semi_Detached,33,T1,safe_unidirectional,worst,5130.12,5795.49
Semi_Detached,33,T1,safe_unidirectional,best,5038.01,5795.49
Semi_Detached,33,T1,hybrid_bidirectional,worst,4110.15,8284.11
Semi_Detached,33,T1,hybrid_bidirectional,best,3984.92,8264.38
Semi_Detached,34,T1,safe_unidirectional,worst,5089.38,5783.32
Semi_Detached,34,T1,safe_unidirectional,best,4968.82,5783.32
Semi_Detached,34,T1,hybrid_bidirectional,worst,3513.93,7757.39
Semi_Detached,34,T1,hybrid_bidirectional,best,3435.75,7794.64
Semi_Detached,35,T1,safe_unidirectional,worst,5359.28,6033.0
Semi_Detached,35,T1,safe_unidirectional,best,5285.67,6033.0
Semi_Detached,35,T1,hybrid_bidirectional,worst,4073.76,8503.61
Semi_Detached,35,T1,hybrid_bidirectional,best,3986.77,8502.13
Semi_Detached,36,T1,safe_unidirectional,worst,4630.03,5276.12
Semi_Detached,36,T1,safe_unidirectional,best,4563.48,5276.12
Semi_Detached,36,T1,hybrid_bidirectional,worst,3671.28,7481.82
Semi_Detached,36,T1,hybrid_bidirectional,best,3472.7,7382.16
Semi_Detached,37,T1,safe_unidirectional,worst,5359.22,6027.08
Semi_Detached,37,T1,safe_unidirectional,best,5282.38,6027.08
Semi_Detached,37,T1,hybrid_bidirectional,worst,4038.15,8473.77
Semi_Detached,37,T1,hybrid_bidirectional,best,3936.98,8465.88
Semi_Detached,38,T1,safe_unidirectional,worst,5285.8,5904.81
Semi_Detached,38,T1,safe_unidirectional,best,5190.69,5904.81
Semi_Detached,38,T1,hybrid_bidirectional,worst,4208.93,8465.21
Semi_Detached,38,T1,hybrid_bidirectional,best,3946.85,8353.71
Semi_Detached,39,T1,safe_unidirectional,worst,4792.35,5424.33
Semi_Detached,39,T1,safe_unidirectional,best,4719.96,5424.33
Semi_Detached,39,T1,hybrid_bidirectional,worst,3611.64,7694.16
Semi_Detached,39,T1,hybrid_bidirectional,best,3652.72,7785.18
Semi_Detached,40,T1,safe_unidirectional,worst,4978.74,5638.98
Semi_Detached,40,T1,safe_unidirectional,best,4900.27,5638.98
Semi_Detached,40,T1,hybrid_bidirectional,worst,3760.85,7512.66
Semi_Detached,40,T1,hybrid_bidirectional,best,3788.72,7630.81
Semi_Detached,41,T1,safe_unidirectional,worst,5731.52,6658.05
Semi_Detached,41,T1,safe_unidirectional,best,5611.22,6658.05
Semi_Detached,41,T1,hybrid_bidirectional,worst,4366.48,9292.45
Semi_Detached,41,T1,hybrid_bidirectional,best,4221.15,9279.13
Terraced,1,T1,safe_unidirectional,worst,4195.15,4718.29
Terraced,1,T1,safe_unidirectional,best,4129.0,4718.29
Terraced,1,T1,hybrid_bidirectional,worst,3148.78,6509.09
Terraced,1,T1,hybrid_bidirectional,best,3070.73,6510.57
Terraced,2,T1,safe_unidirectional,worst,4311.63,4846.3
Terraced,2,T1,safe_unidirectional,best,4237.05,4846.3
Terraced,2,T1,hybrid_bidirectional,worst,3286.44,6766.35
Terraced,2,T1,hybrid_bidirectional,best,3209.02,6771.78
Terraced,3,T1,safe_unidirectional,worst,4659.49,5351.15
Terraced,3,T1,safe_unidirectional,best,4556.54,5351.15
Terraced,3,T1,hybrid_bidirectional,worst,3680.19,7620.24
Terraced,3,T1,hybrid_bidirectional,best,3484.53,7544.51
Terraced,4,T1,safe_unidirectional,worst,4959.88,5530.0
Terraced,4,T1,safe_unidirectional,best,4877.67,5530.0
Terraced,4,T1,hybrid_bidirectional,worst,3694.53,7892.82
Terraced,4,T1,hybrid_bidirectional,best,3557.57,7842.99
Terraced,5,T1,safe_unidirectional,worst,4505.87,5109.54
Terraced,5,T1,safe_unidirectional,best,4454.59,5109.54
Terraced,5,T1,hybrid_bidirectional,worst,3604.98,7338.17
Terraced,5,T1,hybrid_bidirectional,best,3520.97,7296.49
Terraced,6,T1,safe_unidirectional,worst,4753.25,5361.38
Terraced,6,T1,safe_unidirectional,best,4635.39,5361.38
Terraced,6,T1,hybrid_bidirectional,worst,3746.43,7308.56
Terraced,6,T1,hybrid_bidirectional,best,3651.8,7309.8
Terraced,7,T1,safe_unidirectional,worst,4388.43,5000.05
Terraced,7,T1,safe_unidirectional,best,4321.11,5000.05
Terraced,7,T1,hybrid_bidirectional,worst,3433.91,6969.93
Terraced,7,T1,hybrid_bidirectional,best,3270.31,6884.83
Terraced,8,T1,safe_unidirectional,worst,4852.72,5570.64
Terraced,8,T1,safe_unidirectional,best,4788.26,5570.64
Terraced,8,T1,hybrid_bidirectional,worst,3864.0,7862.92
Terraced,8,T1,hybrid_bidirectional,best,3703.64,7779.05
Terraced,9,T1,safe_unidirectional,worst,4606.16,5267.84
Terraced,9,T1,safe_unidirectional,best,4515.36,5267.84
Terraced,9,T1,hybrid_bidirectional,worst,3577.73,7388.93
Terraced,9,T1,hybrid_bidirectional,best,3431.45,7341.08
Terraced,10,T1,safe_unidirectional,worst,4401.74,5046.46
Terraced,10,T1,safe_unidirectional,best,4339.43,5046.46
Terraced,10,T1,hybrid_bidirectional,worst,3414.11,7028.68
Terraced,10,T1,hybrid_bidirectional,best,3335.02,7038.54
Terraced,11,T1,safe_unidirectional,worst,4901.31,5494.94
Terraced,11,T1,safe_unidirectional,best,4839.38,5494.94
Terraced,11,T1,hybrid_bidirectional,worst,3781.2,7863.68
Terraced,11,T1,hybrid_bidirectional,best,3738.03,7883.17
Terraced,12,T1,safe_unidirectional,worst,4421.81,5074.24
Terraced,12,T1,safe_unidirectional,best,4348.42,5074.24
Terraced,12,T1,hybrid_bidirectional,worst,3261.78,6982.95
Terraced,12,T1,hybrid_bidirectional,best,3169.41,6980.24
Terraced,13,T1,safe_unidirectional,worst,4717.26,5316.81
Terraced,13,T1,safe_unidirectional,best,4635.8,5316.81
Terraced,13,T1,hybrid_bidirectional,worst,3731.33,7631.03
Terraced,13,T1,hybrid_bidirectional,best,3600.81,7586.39
Terraced,14,T1,safe_unidirectional,worst,4733.1,5290.56
Terraced,14,T1,safe_unidirectional,best,4661.11,5290.56
Terraced,14,T1,hybrid_bidirectional,worst,3595.92,7408.44
Terraced,14,T1,hybrid_bidirectional,best,3368.01,7269.32
Terraced,15,T1,safe_unidirectional,worst,4711.42,5283.68
Terraced,15,T1,safe_unidirectional,best,4638.64,5283.68
Terraced,15,T1,hybrid_bidirectional,worst,3503.47,7255.78
Terraced,15,T1,hybrid_bidirectional,best,3493.1,7325.58
Terraced,16,T1,safe_unidirectional,worst,5480.04,6168.16
Terraced,16,T1,safe_unidirectional,best,5393.78,6168.16
Terraced,16,T1,hybrid_bidirectional,worst,4208.32,8683.18
Terraced,16,T1,hybrid_bidirectional,best,3943.39,8514.7
Terraced,17,T1,safe_unidirectional,worst,4217.49,4696.57
Terraced,17,T1,safe_unidirectional,best,4155.57,4696.57
Terraced,17,T1,hybrid_bidirectional,worst,3290.61,6393.15
Terraced,17,T1,hybrid_bidirectional,best,3312.33,6500.2
Terraced,18,T1,safe_unidirectional,worst,4661.65,5256.34
Terraced,18,T1,safe_unidirectional,best,4595.05,5256.34
Terraced,18,T1,hybrid_bidirectional,worst,3705.14,7400.86
Terraced,18,T1,hybrid_bidirectional,best,3596.47,7389.76
Terraced,19,T1,safe_unidirectional,worst,4599.36,5162.92
Terraced,19,T1,safe_unidirectional,best,4533.64,5162.92
Terraced,19,T1,hybrid_bidirectional,worst,3492.73,7162.4
Terraced,19,T1,hybrid_bidirectional,best,3410.46,7163.63
Terraced,20,T1,safe_unidirectional,worst,4388.07,4925.1
Terraced,20,T1,safe_unidirectional,best,4324.19,4925.1
Terraced,20,T1,hybrid_bidirectional,worst,3620.12,7162.61
Terraced,20,T1,hybrid_bidirectional,best,3437.76,7089.85
Terraced,21,T1,safe_unidirectional,worst,4526.72,5134.45
Terraced,21,T1,safe_unidirectional,best,4445.88,5134.45
Terraced,21,T1,hybrid_bidirectional,worst,3412.41,7126.78
Terraced,21,T1,hybrid_bidirectional,best,3368.68,7151.69
Terraced,22,T1,safe_unidirectional,worst,4667.01,5341.56
Terraced,22,T1,safe_unidirectional,best,4606.55,5341.56
Terraced,22,T1,hybrid_bidirectional,worst,3712.79,7701.17
Terraced,22,T1,hybrid_bidirectional,best,3590.6,7646.66
Terraced,23,T1,safe_unidirectional,worst,5216.22,5740.85
Terraced,23,T1,safe_unidirectional,best,5147.87,5740.85
Terraced,23,T1,hybrid_bidirectional,worst,4121.51,8298.54
Terraced,23,T1,hybrid_bidirectional,best,4014.46,8292.62
Terraced,24,T1,safe_unidirectional,worst,4706.94,5433.7
Terraced,24,T1,safe_unidirectional,best,4618.59,5433.7
Terraced,24,T1,hybrid_bidirectional,worst,3834.79,7618.18
Terraced,24,T1,hybrid_bidirectional,best,3697.36,7583.65
Terraced,25,T1,safe_unidirectional,worst,4482.1,5060.47
Terraced,25,T1,safe_unidirectional,best,4415.8,5060.47
Terraced,25,T1,hybrid_bidirectional,worst,3390.97,7151.71
Terraced,25,T1,hybrid_bidirectional,best,3257.48,7089.8
Terraced,26,T1,safe_unidirectional,worst,5062.86,5734.31
Terraced,26,T1,safe_unidirectional,best,4970.52,5734.31
Terraced,26,T1,hybrid_bidirectional,worst,3942.69,8070.98
Terraced,26,T1,hybrid_bidirectional,best,3943.73,8137.09
Terraced,27,T1,safe_unidirectional,worst,4690.56,5317.94
Terraced,27,T1,safe_unidirectional,best,4628.91,5317.94
Terraced,27,T1,hybrid_bidirectional,worst,3549.72,7490.09
Terraced,27,T1,hybrid_bidirectional,best,3552.02,7570.26
Terraced,28,T1,safe_unidirectional,worst,5005.65,5602.77
Terraced,28,T1,safe_unidirectional,best,4941.1,5602.77
Terraced,28,T1,hybrid_bidirectional,worst,3700.14,7853.85
Terraced,28,T1,hybrid_bidirectional,best,3678.5,7887.15
Terraced,29,T1,safe_unidirectional,worst,4477.38,5050.25
Terraced,29,T1,safe_unidirectional,best,4433.21,5050.25
Terraced,29,T1,hybrid_bidirectional,worst,3346.4,7086.48
Terraced,29,T1,hybrid_bidirectional,best,3249.96,7040.85
Terraced,30,T1,safe_unidirectional,worst,4922.0,5467.2
Terraced,30,T1,safe_unidirectional,best,4865.24,5467.2
Terraced,30,T1,hybrid_bidirectional,worst,3626.79,7794.99
Terraced,30,T1,hybrid_bidirectional,best,3541.2,7758.49
Terraced,31,T1,safe_unidirectional,worst,5214.63,5826.14
Terraced,31,T1,safe_unidirectional,best,5155.16,5826.14
Terraced,31,T1,hybrid_bidirectional,worst,3668.85,8034.3
Terraced,31,T1,hybrid_bidirectional,best,3622.04,8049.1
Terraced,32,T1,safe_unidirectional,worst,5356.3,6014.92
Terraced,32,T1,safe_unidirectional,best,5266.88,6014.92
Terraced,32,T1,hybrid_bidirectional,worst,3991.92,8265.76
Terraced,32,T1,hybrid_bidirectional,best,3790.88,8191.51
Terraced,33,T1,safe_unidirectional,worst,4718.77,5316.51
Terraced,33,T1,safe_unidirectional,best,4647.81,5316.51
Terraced,33,T1,hybrid_bidirectional,worst,3684.97,7567.59
Terraced,33,T1,hybrid_bidirectional,best,3733.59,7677.6
Terraced,34,T1,safe_unidirectional,worst,4551.92,5228.88
Terraced,34,T1,safe_unidirectional,best,4476.57,5228.88
Terraced,34,T1,hybrid_bidirectional,worst,3591.09,7394.12
Terraced,34,T1,hybrid_bidirectional,best,3543.1,7422.74
Terraced,35,T1,safe_unidirectional,worst,4505.53,5110.1
Terraced,35,T1,safe_unidirectional,best,4436.53,5110.1
Terraced,35,T1,hybrid_bidirectional,worst,3465.88,7212.19
Terraced,35,T1,hybrid_bidirectional,best,3384.55,7187.28
Terraced,36,T1,safe_unidirectional,worst,4622.98,5305.41
Terraced,36,T1,safe_unidirectional,best,4528.35,5305.41
Terraced,36,T1,hybrid_bidirectional,worst,3752.25,7367.3
Terraced,36,T1,hybrid_bidirectional,best,3605.32,7319.69
Terraced,37,T1,safe_unidirectional,worst,4240.53,4810.62
Terraced,37,T1,safe_unidirectional,best,4142.4,4810.62
Terraced,37,T1,hybrid_bidirectional,worst,3275.26,6718.59
Terraced,37,T1,hybrid_bidirectional,best,3203.87,6733.14
Terraced,38,T1,safe_unidirectional,worst,4468.1,5110.36
Terraced,38,T1,safe_unidirectional,best,4385.96,5110.36
Terraced,38,T1,hybrid_bidirectional,worst,3501.44,7091.58
Terraced,38,T1,hybrid_bidirectional,best,3429.75,7107.37
Terraced,39,T1,safe_unidirectional,worst,4939.58,5581.78
Terraced,39,T1,safe_unidirectional,best,4841.75,5581.78
Terraced,39,T1,hybrid_bidirectional,worst,3662.3,7822.99
Terraced,39,T1,hybrid_bidirectional,best,3559.64,7814.85
Terraced,40,T1,safe_unidirectional,worst,4903.29,5606.35
Terraced,40,T1,safe_unidirectional,best,4821.95,5606.35
Terraced,40,T1,hybrid_bidirectional,worst,3963.05,8136.17
Terraced,40,T1,hybrid_bidirectional,best,3792.06,8045.39
Terraced,41,T1,safe_unidirectional,worst,4684.49,5297.65
Terraced,41,T1,safe_unidirectional,best,4614.78,5297.65
Terraced,41,T1,hybrid_bidirectional,worst,3493.49,7466.59
Terraced,41,T1,hybrid_bidirectional,best,3460.78,7489.78
Terraced,42,T1,safe_unidirectional,worst,4870.4,5404.86
Terraced,42,T1,safe_unidirectional,best,4823.24,5404.86
Terraced,42,T1,hybrid_bidirectional,worst,3744.8,7793.33
Terraced,42,T1,hybrid_bidirectional,best,3736.13,7863.39
Terraced,43,T1,safe_unidirectional,worst,4675.37,5293.94
Terraced,43,T1,safe_unidirectional,best,4592.48,5293.94
Terraced,43,T1,hybrid_bidirectional,worst,3597.43,7443.39
Terraced,43,T1,hybrid_bidirectional,best,3354.78,7278.87
Terraced,44,T1,safe_unidirectional,worst,5232.02,5845.61
Terraced,44,T1,safe_unidirectional,best,5168.9,5845.61
Terraced,44,T1,hybrid_bidirectional,worst,3847.13,8298.71
Terraced,44,T1,hybrid_bidirectional,best,3812.36,8346.07
Terraced,45,T1,safe_unidirectional,worst,5261.67,5929.15
Terraced,45,T1,safe_unidirectional,best,5185.77,5929.15
Terraced,45,T1,hybrid_bidirectional,worst,3953.67,8272.24
Terraced,45,T1,hybrid_bidirectional,best,3878.74,8270.02
Terraced,46,T1,safe_unidirectional,worst,4672.23,5404.3
Terraced,46,T1,safe_unidirectional,best,4579.31,5404.3
Terraced,46,T1,hybrid_bidirectional,worst,3581.9,7656.37
Terraced,46,T1,hybrid_bidirectional,best,3447.11,7608.51
Terraced,47,T1,safe_unidirectional,worst,5103.87,5665.12
Terraced,47,T1,safe_unidirectional,best,5030.9,5665.12
Terraced,47,T1,hybrid_bidirectional,worst,3646.17,7724.79
Terraced,47,T1,hybrid_bidirectional,best,3725.27,7879.2
Terraced,48,T1,safe_unidirectional,worst,5019.97,5671.94
Terraced,48,T1,safe_unidirectional,best,4948.89,5671.94
Terraced,48,T1,hybrid_bidirectional,worst,3782.84,7951.14
Terraced,48,T1,hybrid_bidirectional,best,3679.3,7927.46
Terraced,49,T1,safe_unidirectional,worst,4102.97,4681.5
Terraced,49,T1,safe_unidirectional,best,4015.76,4681.5
Terraced,49,T1,hybrid_bidirectional,worst,3194.34,6374.62
Terraced,49,T1,hybrid_bidirectional,best,3115.97,6379.8
Terraced,50,T1,safe_unidirectional,worst,5111.98,5698.29
Terraced,50,T1,safe_unidirectional,best,5019.95,5698.29
Terraced,50,T1,hybrid_bidirectional,worst,4010.15,8134.13
Terraced,50,T1,hybrid_bidirectional,best,3842.88,8076.9
Terraced,51,T1,safe_unidirectional,worst,5237.63,5927.74
Terraced,51,T1,safe_unidirectional,best,5131.84,5927.74
Terraced,51,T1,hybrid_bidirectional,worst,4175.67,8534.27
Terraced,51,T1,hybrid_bidirectional,best,4011.28,8466.68
Terraced,52,T1,safe_unidirectional,worst,4327.34,4858.58
Terraced,52,T1,safe_unidirectional,best,4251.84,4858.58
Terraced,52,T1,hybrid_bidirectional,worst,3382.87,6857.82
Terraced,52,T1,hybrid_bidirectional,best,3259.72,6821.31
Terraced,53,T1,safe_unidirectional,worst,4630.76,5337.03
Terraced,53,T1,safe_unidirectional,best,4539.64,5337.03
Terraced,53,T1,hybrid_bidirectional,worst,3689.25,7473.66
Terraced,53,T1,hybrid_bidirectional,best,3577.51,7461.08
Terraced,54,T1,safe_unidirectional,worst,4665.13,5321.14
Terraced,54,T1,safe_unidirectional,best,4579.3,5321.14
Terraced,54,T1,hybrid_bidirectional,worst,3754.77,7602.81
Terraced,54,T1,hybrid_bidirectional,best,3589.18,7532.01
Terraced,55,T1,safe_unidirectional,worst,4914.46,5551.4
Terraced,55,T1,safe_unidirectional,best,4820.57,5551.4
Terraced,55,T1,hybrid_bidirectional,worst,3866.3,7732.43
Terraced,55,T1,hybrid_bidirectional,best,3747.22,7725.03
Terraced,56,T1,safe_unidirectional,worst,4761.2,5385.41
Terraced,56,T1,safe_unidirectional,best,4683.04,5385.41
Terraced,56,T1,hybrid_bidirectional,worst,3590.72,7467.52
Terraced,56,T1,hybrid_bidirectional,best,3457.86,7424.36
Terraced,57,T1,safe_unidirectional,worst,4888.65,5453.85
Terraced,57,T1,safe_unidirectional,best,4824.54,5453.85
Terraced,57,T1,hybrid_bidirectional,worst,3784.89,7787.56
Terraced,57,T1,hybrid_bidirectional,best,3638.47,7725.15
Terraced,58,T1,safe_unidirectional,worst,5194.55,5776.78
Terraced,58,T1,safe_unidirectional,best,5131.69,5776.78
Terraced,58,T1,hybrid_bidirectional,worst,3916.99,8127.76
Terraced,58,T1,hybrid_bidirectional,best,3823.93,8126.28
Terraced,59,T1,safe_unidirectional,worst,4579.93,5152.53
Terraced,59,T1,safe_unidirectional,best,4524.87,5152.53
Terraced,59,T1,hybrid_bidirectional,worst,3600.96,7472.18
Terraced,59,T1,hybrid_bidirectional,best,3420.01,7352.05
Terraced,1,T1,safe_unidirectional,worst,5018.98,5674.46
Terraced,1,T1,safe_unidirectional,best,4948.22,5674.46
Terraced,1,T1,hybrid_bidirectional,worst,3509.3,7698.85
Terraced,1,T1,hybrid_bidirectional,best,3539.06,7806.4
Terraced,2,T1,safe_unidirectional,worst,4666.09,5262.83
Terraced,2,T1,safe_unidirectional,best,4597.6,5262.83
Terraced,2,T1,hybrid_bidirectional,worst,3528.09,7456.44
Terraced,2,T1,hybrid_bidirectional,best,3458.32,7456.19
Terraced,3,T1,safe_unidirectional,worst,4815.42,5457.16
Terraced,3,T1,safe_unidirectional,best,4702.61,5457.16
Terraced,3,T1,hybrid_bidirectional,worst,3817.86,7640.9
Terraced,3,T1,hybrid_bidirectional,best,3668.89,7612.04
Terraced,4,T1,safe_unidirectional,worst,4766.63,5406.06
Terraced,4,T1,safe_unidirectional,best,4689.59,5406.06
Terraced,4,T1,hybrid_bidirectional,worst,3567.46,7630.5
Terraced,4,T1,hybrid_bidirectional,best,3480.02,7620.63
Terraced,5,T1,safe_unidirectional,worst,4390.05,5000.95
Terraced,5,T1,safe_unidirectional,best,4299.47,5000.95
Terraced,5,T1,hybrid_bidirectional,worst,3346.72,6773.99
Terraced,5,T1,hybrid_bidirectional,best,3437.51,6944.93
Terraced,6,T1,safe_unidirectional,worst,5036.82,5651.64
Terraced,6,T1,safe_unidirectional,best,4947.15,5651.64
Terraced,6,T1,hybrid_bidirectional,worst,3808.53,7938.48
Terraced,6,T1,hybrid_bidirectional,best,3722.04,7948.1
Terraced,7,T1,safe_unidirectional,worst,4951.13,5541.0
Terraced,7,T1,safe_unidirectional,best,4881.76,5541.0
Terraced,7,T1,hybrid_bidirectional,worst,3834.7,8084.87
Terraced,7,T1,hybrid_bidirectional,best,3749.48,8069.33
Terraced,8,T1,safe_unidirectional,worst,4635.08,5193.88
Terraced,8,T1,safe_unidirectional,best,4554.55,5193.88
Terraced,8,T1,hybrid_bidirectional,worst,3793.4,7563.36
Terraced,8,T1,hybrid_bidirectional,best,3519.2,7407.22
Terraced,9,T1,safe_unidirectional,worst,4389.54,5053.76
Terraced,9,T1,safe_unidirectional,best,4321.07,5053.76
Terraced,9,T1,hybrid_bidirectional,worst,3369.21,7162.26
Terraced,9,T1,hybrid_bidirectional,best,3345.27,7205.68
Terraced,10,T1,safe_unidirectional,worst,4333.6,4982.89
Terraced,10,T1,safe_unidirectional,best,4276.84,4982.89
Terraced,10,T1,hybrid_bidirectional,worst,3418.63,7131.85
Terraced,10,T1,hybrid_bidirectional,best,3441.31,7213.99
Terraced,11,T1,safe_unidirectional,worst,4424.68,4952.28
Terraced,11,T1,safe_unidirectional,best,4355.23,4952.28
Terraced,11,T1,hybrid_bidirectional,worst,3537.37,7044.26
Terraced,11,T1,hybrid_bidirectional,best,3418.34,7012.93
Terraced,12,T1,safe_unidirectional,worst,4865.65,5422.65
Terraced,12,T1,safe_unidirectional,best,4797.34,5422.65
Terraced,12,T1,hybrid_bidirectional,worst,3666.31,7715.91
Terraced,12,T1,hybrid_bidirectional,best,3654.05,7765.99
Terraced,13,T1,safe_unidirectional,worst,4343.13,5024.08
Terraced,13,T1,safe_unidirectional,best,4250.71,5024.08
Terraced,13,T1,hybrid_bidirectional,worst,3384.18,6963.62
Terraced,13,T1,hybrid_bidirectional,best,3299.06,6973.24
Terraced,14,T1,safe_unidirectional,worst,4979.19,5582.67
Terraced,14,T1,safe_unidirectional,best,4907.69,5582.67
Terraced,14,T1,hybrid_bidirectional,worst,3627.19,7767.64
Terraced,14,T1,hybrid_bidirectional,best,3603.49,7811.55
Terraced,15,T1,safe_unidirectional,worst,5248.29,5860.0
Terraced,15,T1,safe_unidirectional,best,5160.78,5860.0
Terraced,15,T1,hybrid_bidirectional,worst,3843.91,8046.7
Terraced,15,T1,hybrid_bidirectional,best,3729.28,8070.13
Terraced,16,T1,safe_unidirectional,worst,4485.24,5021.05
Terraced,16,T1,safe_unidirectional,best,4431.64,5021.05
Terraced,16,T1,hybrid_bidirectional,worst,3449.03,7135.72
Terraced,16,T1,hybrid_bidirectional,best,3325.19,7097.49
Terraced,17,T1,safe_unidirectional,worst,4879.95,5449.52
Terraced,17,T1,safe_unidirectional,best,4804.77,5449.52
Terraced,17,T1,hybrid_bidirectional,worst,3573.59,7649.78
Terraced,17,T1,hybrid_bidirectional,best,3553.71,7699.12
Terraced,18,T1,safe_unidirectional,worst,4477.2,5095.22
Terraced,18,T1,safe_unidirectional,best,4417.4,5095.22
Terraced,18,T1,hybrid_bidirectional,worst,3617.45,7422.77
Terraced,18,T1,hybrid_bidirectional,best,3525.66,7379.11
Terraced,19,T1,safe_unidirectional,worst,4582.88,5256.11
Terraced,19,T1,safe_unidirectional,best,4499.03,5256.11
Terraced,19,T1,hybrid_bidirectional,worst,3354.79,7047.89
Terraced,19,T1,hybrid_bidirectional,best,3261.96,7044.93
Terraced,20,T1,safe_unidirectional,worst,4507.25,5072.79
Terraced,20,T1,safe_unidirectional,best,4448.17,5072.79
Terraced,20,T1,hybrid_bidirectional,worst,3367.98,7028.61
Terraced,20,T1,hybrid_bidirectional,best,3339.86,7080.65
Terraced,21,T1,safe_unidirectional,worst,4606.05,5140.27
Terraced,21,T1,safe_unidirectional,best,4543.19,5140.27
Terraced,21,T1,hybrid_bidirectional,worst,3649.47,7273.69
Terraced,21,T1,hybrid_bidirectional,best,3484.68,7190.07
Terraced,22,T1,safe_unidirectional,worst,4946.86,5549.81
Terraced,22,T1,safe_unidirectional,best,4877.27,5549.81
Terraced,22,T1,hybrid_bidirectional,worst,3997.4,8104.54
Terraced,22,T1,hybrid_bidirectional,best,3949.46,8133.64
Terraced,23,T1,safe_unidirectional,worst,4685.97,5254.39
Terraced,23,T1,safe_unidirectional,best,4606.34,5254.39
Terraced,23,T1,hybrid_bidirectional,worst,3610.91,7403.84
Terraced,23,T1,hybrid_bidirectional,best,3587.67,7465.51
Terraced,24,T1,safe_unidirectional,worst,4977.63,5660.08
Terraced,24,T1,safe_unidirectional,best,4909.71,5660.08
Terraced,24,T1,hybrid_bidirectional,worst,3703.88,8066.81
Terraced,24,T1,hybrid_bidirectional,best,3649.37,8069.52
Terraced,25,T1,safe_unidirectional,worst,5253.61,5974.56
Terraced,25,T1,safe_unidirectional,best,5148.72,5974.56
Terraced,25,T1,hybrid_bidirectional,worst,4065.79,8343.54
Terraced,25,T1,hybrid_bidirectional,best,3917.26,8299.88
Terraced,26,T1,safe_unidirectional,worst,4619.95,5165.55
Terraced,26,T1,safe_unidirectional,best,4556.0,5165.55
Terraced,26,T1,hybrid_bidirectional,worst,3464.96,7263.45
Terraced,26,T1,hybrid_bidirectional,best,3491.85,7354.47
Terraced,27,T1,safe_unidirectional,worst,4525.31,5161.77
Terraced,27,T1,safe_unidirectional,best,4465.13,5161.77
Terraced,27,T1,hybrid_bidirectional,worst,3433.74,7281.13
Terraced,27,T1,hybrid_bidirectional,best,3374.37,7301.85
Terraced,28,T1,safe_unidirectional,worst,4087.2,4616.6
Terraced,28,T1,safe_unidirectional,best,4029.63,4616.6
Terraced,28,T1,hybrid_bidirectional,worst,2981.55,6339.32
Terraced,28,T1,hybrid_bidirectional,best,2956.38,6368.68
Terraced,29,T1,safe_unidirectional,worst,4586.62,5227.01
Terraced,29,T1,safe_unidirectional,best,4505.11,5227.01
Terraced,29,T1,hybrid_bidirectional,worst,3433.82,7357.72
Terraced,29,T1,hybrid_bidirectional,best,3332.7,7336.75
Terraced,30,T1,safe_unidirectional,worst,4181.22,4781.23
Terraced,30,T1,safe_unidirectional,best,4118.4,4781.23
Terraced,30,T1,hybrid_bidirectional,worst,3249.81,6811.79
Terraced,30,T1,hybrid_bidirectional,best,3107.8,6721.75
Terraced,31,T1,safe_unidirectional,worst,4431.66,5098.44
Terraced,31,T1,safe_unidirectional,best,4368.33,5098.44
Terraced,31,T1,hybrid_bidirectional,worst,3483.34,7349.52
Terraced,31,T1,hybrid_bidirectional,best,3306.26,7261.46
Terraced,32,T1,safe_unidirectional,worst,4944.32,5558.31
Terraced,32,T1,safe_unidirectional,best,4843.73,5558.31
Terraced,32,T1,hybrid_bidirectional,worst,3866.29,7902.14
Terraced,32,T1,hybrid_bidirectional,best,3745.12,7890.05
Terraced,33,T1,safe_unidirectional,worst,4699.11,5348.68
Terraced,33,T1,safe_unidirectional,best,4611.81,5348.68
Terraced,33,T1,hybrid_bidirectional,worst,3762.7,7512.94
Terraced,33,T1,hybrid_bidirectional,best,3559.31,7428.33
Terraced,34,T1,safe_unidirectional,worst,4938.73,5615.38
Terraced,34,T1,safe_unidirectional,best,4871.79,5615.38
Terraced,34,T1,hybrid_bidirectional,worst,3885.46,7995.96
Terraced,34,T1,hybrid_bidirectional,best,3743.98,7949.58
Terraced,35,T1,safe_unidirectional,worst,4668.98,5321.42
Terraced,35,T1,safe_unidirectional,best,4578.93,5321.42
Terraced,35,T1,hybrid_bidirectional,worst,3503.65,7392.18
Terraced,35,T1,hybrid_bidirectional,best,3229.09,7230.12
Terraced,36,T1,safe_unidirectional,worst,4660.74,5255.28
Terraced,36,T1,safe_unidirectional,best,4577.37,5255.28
Terraced,36,T1,hybrid_bidirectional,worst,3306.35,7141.79
Terraced,36,T1,hybrid_bidirectional,best,3278.75,7196.3
Terraced,37,T1,safe_unidirectional,worst,4882.92,5385.54
Terraced,37,T1,safe_unidirectional,best,4815.95,5385.54
Terraced,37,T1,hybrid_bidirectional,worst,3850.78,7748.11
Terraced,37,T1,hybrid_bidirectional,best,3687.64,7682.74
Terraced,38,T1,safe_unidirectional,worst,5009.92,5661.22
Terraced,38,T1,safe_unidirectional,best,4946.35,5661.22
Terraced,38,T1,hybrid_bidirectional,worst,3745.45,7813.63
Terraced,38,T1,hybrid_bidirectional,best,3652.4,7809.93
Terraced,39,T1,safe_unidirectional,worst,4929.17,5605.65
Terraced,39,T1,safe_unidirectional,best,4847.91,5605.65
Terraced,39,T1,hybrid_bidirectional,worst,3610.36,7709.97
Terraced,39,T1,hybrid_bidirectional,best,3511.81,7703.06
Terraced,40,T1,safe_unidirectional,worst,4577.82,5121.17
Terraced,40,T1,safe_unidirectional,best,4498.54,5121.17
Terraced,40,T1,hybrid_bidirectional,worst,3488.67,7221.04
Terraced,40,T1,hybrid_bidirectional,best,3401.81,7221.54
Terraced,41,T1,safe_unidirectional,worst,4289.66,4913.57
Terraced,41,T1,safe_unidirectional,best,4202.62,4913.57
Terraced,41,T1,hybrid_bidirectional,worst,3148.73,6651.09
Terraced,41,T1,hybrid_bidirectional,best,3148.1,6723.86
